{"cameraMode":{"drawMode":0,"name":"Shaded","section":"Shading Mode"},"sceneLighting":false,"audioPlay":false,"sceneViewState":{"showFog":true,"showMaterialUpdate":false,"showSkybox":true,"showFlares":true,"showImageEffects":true,"showParticleSystems":true},"in2DMode":false,"pivot":{"x":3.384889841079712,"y":-3.4898645877838136,"z":-1.0495332479476929},"rotation":{"x":0.2411489635705948,"y":0.7329822182655335,"z":-0.32234084606170657,"w":0.5483627319335938},"size":6.1578850746154789,"orthographic":false}