{"cameraMode":{"drawMode":0,"name":"Shaded","section":"Shading Mode"},"sceneLighting":true,"audioPlay":false,"sceneViewState":{"showFog":true,"showMaterialUpdate":true,"showSkybox":true,"showFlares":true,"showImageEffects":true,"showParticleSystems":true},"in2DMode":false,"pivot":{"x":2.1166772842407228,"y":23.375490188598634,"z":-17.420507431030275},"rotation":{"x":0.008005579933524132,"y":0.952685534954071,"z":-0.0251521747559309,"w":0.30285853147506716},"size":2.3335113525390627,"orthographic":false}