{"cameraMode":{"drawMode":0,"name":"Shaded","section":"Shading Mode"},"sceneLighting":false,"audioPlay":false,"sceneViewState":{"showFog":true,"showMaterialUpdate":true,"showSkybox":true,"showFlares":true,"showImageEffects":true,"showParticleSystems":true},"in2DMode":false,"pivot":{"x":-0.03454166278243065,"y":-0.049017101526260379,"z":0.15744981169700623},"rotation":{"x":-0.5311127305030823,"y":0.05661574751138687,"z":-0.03557229042053223,"w":-0.8446754217147827},"size":1.4289418458938599,"orthographic":false}