{"cameraMode":{"drawMode":0,"name":"Shaded","section":"Shading Mode"},"sceneLighting":false,"audioPlay":false,"sceneViewState":{"showFog":true,"showMaterialUpdate":true,"showSkybox":true,"showFlares":true,"showImageEffects":true,"showParticleSystems":true},"in2DMode":false,"pivot":{"x":0.08540026098489762,"y":0.3632180094718933,"z":-0.08837723731994629},"rotation":{"x":-0.021876832470297815,"y":-0.92875736951828,"z":0.3659157454967499,"w":-0.05551859363913536},"size":1.4289418458938599,"orthographic":false}